Trial,Sum
1,3056623.750000
2,3056623.750000
3,3056623.750000
4,3056623.750000
5,3056623.750000
6,3057561.000000
7,3057560.750000
8,3057560.750000
9,3057561.000000
10,3057561.000000
11,3063928.750000
12,3063928.750000
13,3063928.750000
14,3063928.750000
15,3063928.500000
