Order,Sum
Sum from 20 to 1,584.660156
Sum from 1 to 20,584.660156
